asin,titulo,precio_ahora,precio_antes,categoria,gancho,imagen_url,referencia
B0H7J27HPD,Huawei Watch GT 7 46mm,249.00,299.00,Tecnologia,Oferta flash,https://m.media-amazon.com/images/I/71h-SgYtLbL._AC_SL1500_.jpg,PVP
B0F3PCN8T2,Ariel Todo en 1 PODS 105 capsulas,25.49,39.99,Hogar,Oferta flash,https://m.media-amazon.com/images/I/710Hdm9ZS4L._AC_SL1500_.jpg,PVP
B0FP56DPTM,Aspiradora sin cable SMOTURE VAC02,128.60,239.99,Hogar,Oferta flash,https://m.media-amazon.com/images/I/81aI7Nw5a8L._AC_SL1500_.jpg,PVP
B0BGJC5GZ1,Creatina monohidratada Foodelis 1 kg,14.89,21.95,Deporte,Oferta flash,https://m.media-amazon.com/images/I/61piap6mItL._AC_SL1500_.jpg,PVP
B0D811TX6V,Lapiz stylus universal para tablet,14.56,23.99,Tecnologia,Oferta flash,https://m.media-amazon.com/images/I/71Ojn-crrkL._AC_SL1500_.jpg,Precio mediano
B0FCG4B4C7,Samsung Galaxy Watch8 40mm,269.00,379.00,Tecnologia,Oferta flash,https://m.media-amazon.com/images/I/51WGGhKn74L._AC_SL1500_.jpg,PVP
B08TTSK2N7,Zapatillas SAGUARO barefoot ninos,31.03,42.99,Deporte,Oferta flash,https://m.media-amazon.com/images/I/71uVsx8aPXL._AC_SL1500_.jpg,PVP
B09G37YT5W,Oxford Live & Go archivador A4+,13.29,17.99,Hogar,Oferta flash,https://m.media-amazon.com/images/I/51+eCd-tJcL._AC_SL1500_.jpg,PVP
B0BKGPDC5R,Sharp XL-B520D microcadena con CD y Bluetooth,101.12,129.90,Tecnologia,Se agota rapido,https://m.media-amazon.com/images/I/61Xu4CXAk0L._AC_SL1500_.jpg,PVP
B0D2KTJ8S9,UGREEN NASync DXP6800 Pro NAS de 6 bahias,949.99,1099.99,Tecnologia,Oferta flash,https://m.media-amazon.com/images/I/61sVTfUHGYL._AC_SL1500_.jpg,Precio mediano
B0H6XQYLQ9,XIAOMI Poco F9 Ultra,899.90,1199.90,Tecnologia,Minimo historico,https://m.media-amazon.com/images/W/BW_MEDIAX_AVIF_MEASUREMENT_1306696-T4/images/I/71J7e8d7lfL._AC_SL1500_.jpg,PVP
B0GF1ZGPKZ,Haarlosy Depiladora Laser,71.49,199.99,Cuidado personal,mínimo historico,https://m.media-amazon.com/images/W/BW_MEDIAX_AVIF_MEASUREMENT_1306696-T4/images/I/61EFlIOJ65L._AC_SL1470_.jpg,PVP
B002GJL9US,STABILO 20u,8.72,17.99,Papeleria,minimo historico,https://m.media-amazon.com/images/W/BW_MEDIAX_AVIF_MEASUREMENT_1306696-T4/images/I/71oWL8QmH1L._AC_SL1500_.jpg,PVP
B0B3JBYXG8,Braun Series 5,64.99,94.99,Cuidado personal,minimo historico,https://m.media-amazon.com/images/I/71dlZmdf4wL._AC_SL1500_.jpg,PVP
B0H2VJZPQ5,Gominolas Creatina Foodelis,19.80,24.95,Salud,minimo historico,https://m.media-amazon.com/images/I/81zwnEQaIeL._AC_SL1500_.jpg,PVP
B019M2EA3Y,Codigo Secreto,21.32,26.99,Juegos,Oferta,https://m.media-amazon.com/images/W/BW_MEDIAX_AVIF_MEASUREMENT_1306696-T4/images/I/71fZCoXUk7L._AC_SL1500_.jpg,PVP
B0DHGR3WSS,Bolsa Termica C.Tapioca,9.99,10.99,Equipaje,Oferta,https://m.media-amazon.com/images/W/BW_MEDIAX_AVIF_MEASUREMENT_1306696-T4/images/I/71+si3vc2UL._AC_SL1500_.jpg,PVP
B0FPXGL73L,Coche Toreto Lego Technic,118.49,149.99,Juguetes,Ofertón,https://m.media-amazon.com/images/W/BW_MEDIAX_AVIF_MEASUREMENT_1306696-T4/images/I/81uq-XWnzOL._AC_SL1500_.jpg,PVP
B099FKB7KQ,Paquete 500 Folios,7.85,9.24,Papeleria,Oferta,https://m.media-amazon.com/images/W/BW_MEDIAX_AVIF_MEASUREMENT_1306696-T4/images/I/61uZhu8Wf8L._AC_SL1500_.jpg,PVP
B07CS8BYYV,3 Sartenes Tefal,58.99,74.99,Cocina,Oferta,https://m.media-amazon.com/images/W/BW_MEDIAX_AVIF_MEASUREMENT_1306696-T4/images/I/61DvJbQKsmL._AC_SL1500_.jpg,PVP
B0GY1KBHRS,Sofá Cama de Pana,269.98,349.90,Hogar,Oferta,https://m.media-amazon.com/images/W/BW_MEDIAX_AVIF_MEASUREMENT_1306696-T4/images/I/91acbEAMNpL._AC_SL1500_.jpg,PVP
B095SYK1R9,TP-Link Wifi 6,42.99,69.99,Informatica,Oferta,https://m.media-amazon.com/images/W/BW_MEDIAX_AVIF_MEASUREMENT_1306696-T4/images/I/71LhcGjffvL._AC_SL1500_.jpg,PVP
B085Y3F6V9,Filtro Ducha Philips,26.99,34.99,Hogar,Recambio incluido,https://m.media-amazon.com/images/W/BW_MEDIAX_AVIF_MEASUREMENT_1306696-T4/images/I/61kMpuyd47L._AC_SL1500_.jpg,PVP
B0BVMNLZM1,Dodot Sensitive,59.85,81.99,Salud,En muchas tallas,https://m.media-amazon.com/images/I/81K35LC7KuL._AC_SL1500_.jpg,PVP
B0DXPR8PWG,Generador Electrico,729.00,1149.00,Bricolaje,Minimo historico,https://m.media-amazon.com/images/I/61FpLAEwd0L._AC_SL1500_.jpg,PVP
B0B5FDTJFD,Cuaderno Enri,11.89,16.75,Papeleria,Oferta,https://m.media-amazon.com/images/I/71RHX9C6-yL._AC_SL1500_.jpg,PVP
B001Q2W25C,Tipp-ex,15.29,25.89,Papeleria,Oferta,https://m.media-amazon.com/images/I/71jGtzH9KvL._AC_SL1500_.jpg,PVP
B09JQTC1SH,Etiquetadora,16.14,29.99,Papeleria,Oferta,https://m.media-amazon.com/images/I/61MNI+X-YBL._AC_SL1500_.jpg,PVP
B088CQK4X7,80 Rotuladores de Colores,18.49,29.89,Papeleria,Oferta,https://m.media-amazon.com/images/I/71fNJ5TrJZL._AC_SL1500_.jpg,PVP
B0CKML3W6R,Insta 360,199.00,329.99,Fotografia,Oferta,https://m.media-amazon.com/images/I/61Urtezh3AL._AC_SL1500_.jpg,PVP
B0FGNZXXRN,Freidora de Aire,123.49,159.99,Cocina,Oferta,https://m.media-amazon.com/images/I/91LUaacjtHL._AC_SL1500_.jpg,PVP
B0GYJ2WVKK,Pañal pijama,22.46,41.56,Salud,Oferta,https://m.media-amazon.com/images/I/71xuPeCQ9wL._AC_SL1500_.jpg,PVP
B0CF2817HY,Escritorio Electrico,113.04,139.99,Muebles,Oferta,https://m.media-amazon.com/images/I/71Ep-1XficL._AC_SL1500_.jpg,PVP
B0DPQMG6TH,Armario Garaje,148.57,183.99,Muebles,Oferta,https://m.media-amazon.com/images/I/61RTAdZx06L._AC_SL1500_.jpg,PVP
B0H2MRVXT6,Portatil ASUS Zenbook S16,1599.00,1999.00,Informatica,Oferta,https://m.media-amazon.com/images/W/BW_MEDIAX_AVIF_MEASUREMENT_1306696-T4/images/I/71Q7sxSLqhL._AC_SL1500_.jpg,PVP
B0B5TFXG24,Tuopuda Abrigo Parka Mujer,27.07,69.99,Ropa,Minimo historico,https://m.media-amazon.com/images/W/BW_MEDIAX_AVIF_MEASUREMENT_1306696-T4/images/I/615+CkdO5DL._AC_SY550_.jpg,PVP
B0GZKGDHL4,Portatil Lenovo Yoga Slim 7,999.00,1299.00,Informatica,Oferta,https://m.media-amazon.com/images/W/BW_MEDIAX_AVIF_MEASUREMENT_1306696-T4/images/I/715AZ64YG2L._AC_SL1500_.jpg,PVP
B0H2YRCQ1R,Nevera Haier Horizon Collection,975.80,1223.15,Grandes Electrodomesticos,Oferton,https://m.media-amazon.com/images/W/BW_MEDIAX_AVIF_MEASUREMENT_1306696-T4/images/I/61IC7Irt13L._AC_SL1500_.jpg,PVP
B0D8QQ2LY5,Batidora Ninja Detect,199.99,279.99,Cocina,Oferta,https://m.media-amazon.com/images/W/BW_MEDIAX_AVIF_MEASUREMENT_1306696-T4/images/I/71SpHctDs7L._AC_SL1500_.jpg,PVP
B0H35LPVDG,Arenero PETKIT PUROBOT MAX 3,519.99,699.00,Mascotas,Minimo historico,https://m.media-amazon.com/images/W/BW_MEDIAX_AVIF_MEASUREMENT_1306696-T4/images/I/71RYWuo3LcL._AC_SL1500_.jpg,PVP
B0H6ZVV69S,Xiaomi REDMI 17 5G,247.90,309.90,Moviles,Oferta,https://m.media-amazon.com/images/W/BW_MEDIAX_AVIF_MEASUREMENT_1306696-T4/images/I/71lC28Dx-rL._AC_SL1500_.jpg,PVP
B0DN6G7Y2L,Canapé Abatible de Madera,212.99,274.19,Muebles,Oferta,https://m.media-amazon.com/images/W/BW_MEDIAX_AVIF_MEASUREMENT_1306696-T4/images/I/51rndgBZD2L._AC_SL1400_.jpg,PVP
B0GV2ZYFBH,Bicicleta Electrica,664.98,749.99,Deportes,Oferton,https://m.media-amazon.com/images/W/BW_MEDIAX_AVIF_MEASUREMENT_1306696-T4/images/I/71q6Kgf4hkL._AC_SL1254_.jpg,PVP
B09PDFWFJJ,Mirilla Digital,129.99,159.99,Videocamara,Oferta,https://m.media-amazon.com/images/W/BW_MEDIAX_AVIF_MEASUREMENT_1306696-T4/images/I/51UqkRKPakL._AC_SL1500_.jpg,PVP
B0BR6PVKJV,Mesa de Bar con Taburetes,60.79,79.99,Muebles,Oferta,https://m.media-amazon.com/images/W/BW_MEDIAX_AVIF_MEASUREMENT_1306696-T4/images/I/81RBvtCfTqL._AC_SL1500_.jpg,PVP
B0FNLWV3MC,Cabezales Oral-B iO,36.24,73.59,Cuidado Personal,Oferta,https://m.media-amazon.com/images/W/BW_MEDIAX_AVIF_MEASUREMENT_1306696-T4/images/I/81pBfNh-K6L._AC_SL1500_.jpg,PVP
B07ZCM9YH1,Silla de oficina,64.96,79.99,Muebles,Oferta,https://m.media-amazon.com/images/W/BW_MEDIAX_AVIF_MEASUREMENT_1306696-T4/images/I/81pA0ACpAPL._AC_SL1500_.jpg,PVP
B0FJ1H9H5K,UGREEN 10 puertos Ethernet,37.90,55.99,Audio,Oferta,https://m.media-amazon.com/images/W/BW_MEDIAX_AVIF_MEASUREMENT_1306696-T4/images/I/61H9c6lyp2L._AC_SL1500_.jpg,PVP
B0GR9FGKYF,Espejo cuerpo entero,76.60,98.99,Muebles,Oferta,https://m.media-amazon.com/images/W/BW_MEDIAX_AVIF_MEASUREMENT_1306696-T4/images/I/81E4BzNKKXL._AC_SL1500_.jpg,PVP
B0DZCC9383,Insta360 X5,545.00,699.99,Fotografia,Oferta,https://m.media-amazon.com/images/W/BW_MEDIAX_AVIF_MEASUREMENT_1306696-T4/images/I/71F44eOCUML._AC_SL1500_.jpg,PVP
B0H4FBQXFF,Smart Tracker Tags,29.99,79.99,Hi-Fi,Oferta,https://m.media-amazon.com/images/W/BW_MEDIAX_AVIF_MEASUREMENT_1306696-T4/images/I/71YZF5borXL._AC_SL1500_.jpg,PVP
B0DCYR5VNR,INIU Power Bank 20.000mAh,29.77,36.99,Moviles,Oferta,https://m.media-amazon.com/images/W/BW_MEDIAX_AVIF_MEASUREMENT_1306696-T4/images/I/71vl4HvUaxL._AC_SL1500_.jpg,PVP
B0BRB3G9NZ,Armario Botiquín de Pared,45.47,54.99,Muebles,Gancho,https://m.media-amazon.com/images/W/BW_MEDIAX_AVIF_MEASUREMENT_1306696-T4/images/I/610zUTwQEUL._AC_SL1500_.jpg,PVP
B0FMRV8DK7,Arrancador de Coches 9000A,58.65,109.99,Coche,Oferta,https://m.media-amazon.com/images/W/BW_MEDIAX_AVIF_MEASUREMENT_1306696-T4/images/I/81ebAHZ6tnL._AC_SL1500_.jpg,PVP
B0FKN5F96V,Logitech G G29 SE Driving Force,209.99,349.99,Informatica,Oferta,https://m.media-amazon.com/images/W/BW_MEDIAX_AVIF_MEASUREMENT_1306696-T4/images/I/71+2ayyCN7L._AC_SL1500_.jpg,PVP
B0H7JFQTNM,HUAWEI Watch GT 7 41mm,229.00,299.00,Móviles,Oferta,https://m.media-amazon.com/images/W/BW_MEDIAX_AVIF_MEASUREMENT_1306696-T4/images/I/71ULfpYy3ZL._AC_SL1500_.jpg,PVP
B07W8P3MV6,Auriculares Logitech G Astro A50 X,273.99,349.99,Informatica,Oferta,https://m.media-amazon.com/images/I/61YC8Q51Q3L._AC_SL1500_.jpg,PVP
B0GTV643L4,Grabadora Láser 10W,549.00,730.00,Bricolage,Oferton,https://m.media-amazon.com/images/W/BW_MEDIAX_AVIF_MEASUREMENT_1306696-T4/images/I/71pR3xOWNHL._AC_SL1500_.jpg,PVP
B09XWXS3P3,Camara Termica Pocket2,573.00,706.00,Bricolage,Oferta,https://m.media-amazon.com/images/W/BW_MEDIAX_AVIF_MEASUREMENT_1306696-T4/images/I/51m6s2N7N9L._AC_SL1500_.jpg,PVP
B0DT48M297,28 Cuchillas Gillette Fusion5,72.68,96.20,salud,Oferta,https://m.media-amazon.com/images/I/81dM6jbTo8L._AC_SL1500_.jpg,Precio Mediano
B0H4H83XNV,REDMI Note 17 Pro MAX 5G,479.92,599.90,Moviles,Oferta,https://m.media-amazon.com/images/I/61UCSPXM5qL._AC_SL1500_.jpg,PVP
B0FCG33M6K,HP Ordenador portatil de 15.6 FHD,639.00,1029.00,Informatica,Oferta,https://m.media-amazon.com/images/W/BW_MEDIAX_AVIF_MEASUREMENT_1306696-T4/images/I/61m9wncMVKL._AC_SL1500_.jpg,PVP
B0GFX58XMH,Midea Microondas 20 litros y 700 W,49.99,59.99,Grandes electrodomesticos,Oferta,https://m.media-amazon.com/images/W/BW_MEDIAX_AVIF_MEASUREMENT_1306696-T4/images/I/81eBSBCIRfL._AC_SL1500_.jpg,PVP
B0FM76KF4L,MEKO Alcachofa de Ducha con Filtro,29.44,35.99,Bricolaje,Oferta,https://m.media-amazon.com/images/W/BW_MEDIAX_AVIF_MEASUREMENT_1306696-T4/images/I/61yM2Hr5L7L._AC_.jpg,PVP
B0H28WL21X,BedStory Colchón Híbrido,138.07,152.99,Muebles,Oferta,https://m.media-amazon.com/images/W/BW_MEDIAX_AVIF_MEASUREMENT_1306696-T4/images/I/71CsxoP6+GL._AC_SL1500_.jpg,PVP
B0D31QV9L2,Caminadora,108.28,139.99,Deportes,Oferta,https://m.media-amazon.com/images/W/BW_MEDIAX_AVIF_MEASUREMENT_1306696-T4/images/I/618hTDI2QkL._AC_SL1500_.jpg,PVP
B0GSR33SFP,Mini PC con AMD Ryzen AI 9,1262.60,1399.00,Informatcia,Oferta,https://m.media-amazon.com/images/W/BW_MEDIAX_AVIF_MEASUREMENT_1306696-T4/images/I/81mz4fBXNUL._AC_SL1500_.jpg,PVP
B0GT2RHKJX,Hisense MiniLED Pro Smart TV 85 Pulgadas,1569.00,2199.00,TV,Oferta,https://m.media-amazon.com/images/W/BW_MEDIAX_AVIF_MEASUREMENT_1306696-T4/images/I/81r3bb5azeL._AC_SL1500_.jpg,PVP
B0FDQFD846,Destructora Papel Automática,322.05,379.00,Audio,Oferta,https://m.media-amazon.com/images/W/BW_MEDIAX_AVIF_MEASUREMENT_1306696-T4/images/I/51DqvWLThwL._AC_SL1000_.jpg,PVP
B0D9W487RD,Bosch - Aspirador con Bolsa,99.99,149.99,Cocina,Oferta,https://m.media-amazon.com/images/W/BW_MEDIAX_AVIF_MEASUREMENT_1306696-T4/images/I/71pENcN0lML._AC_SL1500_.jpg,PVP
B0H1HWFD7B,Aspiradora de Mano 30kPa,19.90,33.49,Cocina,Oferta,https://m.media-amazon.com/images/W/BW_MEDIAX_AVIF_MEASUREMENT_1306696-T4/images/I/71QKtMSMTVL._AC_SL1500_.jpg,Precio mediano
B0BWNSM382,Oral-B Pro CrossAction Cabezales,26.40,39.46,Cuidado personal,Oferta,https://m.media-amazon.com/images/W/BW_MEDIAX_AVIF_MEASUREMENT_1306696-T4/images/I/81+4oPXS60L._AC_SL1500_.jpg,PVP
B093C8PMY9,25 Mascarillas FFP3,27.99,34.99,Deportes,Oferta,https://m.media-amazon.com/images/W/BW_MEDIAX_AVIF_MEASUREMENT_1306696-T4/images/I/71veFa-BG0L._AC_SX466_.jpg,Precio mediano
B0CCYPKJHL,ghd Original Styler,122.00,209.00,Cuidado personal,Oferta,https://m.media-amazon.com/images/W/BW_MEDIAX_AVIF_MEASUREMENT_1306696-T4/images/I/71OPvhMLB4L._SL1500_.jpg,PVP
B01KUJ1VMG,Beurer EM 49 TENS/EMS digital,39.99,54.99,Cuidado personal,Oferta,https://m.media-amazon.com/images/W/BW_MEDIAX_AVIF_MEASUREMENT_1306696-T4/images/I/81Kmd+PcLaL._AC_SL1500_.jpg,PVP
B0FN7STVNH,Sage Barista Express,498.99,729.99,Cocina,Oferta,https://m.media-amazon.com/images/W/BW_MEDIAX_AVIF_MEASUREMENT_1306696-T4/images/I/61+WbTD0VhL._AC_SL1300_.jpg,PVP
B08Y1CYY63,Cápsulas de Café Lungo Intenso,9.50,12.99,Alimentacion,Oferta,https://m.media-amazon.com/images/W/BW_MEDIAX_AVIF_MEASUREMENT_1306696-T4/images/I/71Mg5vosUpL._AC_SL1500_.jpg,Precio mediano
B01J9PW10I,Fiskars Hacha 2.57 kg,49.95,61.39,Bricolaje,Oferta,https://m.media-amazon.com/images/W/BW_MEDIAX_AVIF_MEASUREMENT_1306696-T4/images/I/41wsrkvKU0L._AC_SL1440_.jpg,PVP
B098P52S8V,Philips Lumea serie 8000,299.99,559.99,Cuidado personal,Oferta,https://m.media-amazon.com/images/W/BW_MEDIAX_AVIF_MEASUREMENT_1306696-T4/images/I/71NlXgMezeL._AC_SL1500_.jpg,PVP
B0H2FGX1KG,Ordenador Portátil LG,1169.10,1399.00,Informatica,Oferta,https://m.media-amazon.com/images/W/BW_MEDIAX_AVIF_MEASUREMENT_1306696-T4/images/I/71BUTtOTv-L._AC_SL1500_.jpg,PVP
B0H6GKD2DJ,Aqua20 Pro Ultra Roller X,1199.00,1499.00,Cocina,Oferta,https://m.media-amazon.com/images/W/BW_MEDIAX_AVIF_MEASUREMENT_1306696-T4/images/I/71NrTzcIn+L._AC_SL1500_.jpg,PVP
B0DP1MRNXM,Oral-B iO 2,44.95,84.95,Cuidado personal,Oferta,https://m.media-amazon.com/images/W/BW_MEDIAX_AVIF_MEASUREMENT_1306696-T4/images/I/81U956n69nL._AC_SL1500_.jpg,PVP
B0FXXN81XF,Lavadora 9 KG 1400 RPM,288.99,327.37,Grandes electrodomesticos,Oferta,https://m.media-amazon.com/images/W/BW_MEDIAX_AVIF_MEASUREMENT_1306696-T4/images/I/71ArooOQ11L._AC_SL1500_.jpg,PVP
B0CZ9T8H8N,Amazon Kindle Scribe,259.99,479.99,Kindle,Oferta,https://m.media-amazon.com/images/W/BW_MEDIAX_AVIF_MEASUREMENT_1306696-T4/images/I/71XyttQ0hNL._AC_SL1000_.jpg,PVP
B0F9X3BYG9,OMRON X2 Essential Tensiómetro,23.99,30.99,Cuidado personal,Oferta,https://m.media-amazon.com/images/W/BW_MEDIAX_AVIF_MEASUREMENT_1306696-T4/images/I/51RSTFZZa0L._AC_SL1080_.jpg,PVP
B08ZFCN31F,Scottex 128 rollos,28.49,34.25,Salud,Oferta,https://m.media-amazon.com/images/W/BW_MEDIAX_AVIF_MEASUREMENT_1306696-T4/images/I/71jP4eOCSRL._AC_SL1500_.jpg,PVP
B0D3VCF5P2,Philips 4200 Purificador,322.99,411.09,Cocina,Oferta,https://m.media-amazon.com/images/W/BW_MEDIAX_AVIF_MEASUREMENT_1306696-T4/images/I/61AoHXnD69L._AC_SL1080_.jpg,PVP
B08J7SL3BG,Juego de Sabanas 4 Piezas,16.22,22.99,Hogar,Oferta,https://m.media-amazon.com/images/W/BW_MEDIAX_AVIF_MEASUREMENT_1306696-T4/images/I/8155rxH3w+L._AC_SL1500_.jpg,PVP
B095H9X4K3,Philips Serie 5000,64.99,119.99,Cuidado personal,Oferta,https://m.media-amazon.com/images/W/BW_MEDIAX_AVIF_MEASUREMENT_1306696-T4/images/I/61R7SRzDaSL._AC_SL1500_.jpg,PVP
B0GHN3V6BP,Roborock Qrevo S Pro robot aspirador,379.99,599.99,Hogar,Oferta flash,https://m.media-amazon.com/images/I/61eb9ZHo-CL._AC_SL1500_.jpg,PVP
B0GGXQFT7Q,Baseus FC41 powerbank 145W 25000mAh,53.99,89.99,Tecnologia,Oferta flash,https://m.media-amazon.com/images/I/61fQCD2yOCL._AC_SL1500_.jpg,PVP
B0FBW9BFSL,Amazon Basics juego de sartenes ceramica,27.82,41.14,Cocina,Oferta flash,https://m.media-amazon.com/images/I/81GCfw1+2eL._AC_SL1500_.jpg,Precio mediano
B0FD9SZ2SW,MERACH eliptica electrica de escritorio,123.49,169.99,Deporte,Oferta flash,https://m.media-amazon.com/images/I/71ZqliIfOrL._AC_SL1500_.jpg,PVP
B071G2D5MM,Amazon Basics equipaje de mano de cabina,28.68,43.50,Moda,Oferta flash,https://m.media-amazon.com/images/I/71WWeN1zoxL._AC_SL1500_.jpg,Precio mediano
B019EEUQ2O,Amazon Basics vajilla 18 piezas para 6,35.79,56.39,Hogar,Oferta flash,https://m.media-amazon.com/images/I/61HhoKgsqrL._AC_SL1500_.jpg,Precio mediano
B0F2N6R6WS,Mando Xbox inalambrico Shock Blue,47.99,69.99,Tecnologia,Oferta,https://m.media-amazon.com/images/I/71cf+ka9cmL._AC_SL1500_.jpg,PVP
B075JJRFVV,Utopia Bedding juego de sabanas 150x200 gris,15.32,19.99,Hogar,Oferta,https://m.media-amazon.com/images/I/81Ozha6kOaL._AC_SL1500_.jpg,Precio mediano
B084N3XK8V,By Amazon Panales Ultrasecos T2 168 uds,27.19,32.76,Bebe,Oferta,https://m.media-amazon.com/images/I/71kmkcGoJjL._AC_SL1500_.jpg,PVP
B0F4KQDRQH,CARPURIDE W702S Pro CarPlay para moto,198.47,269.99,Tecnologia,Oferta,https://m.media-amazon.com/images/I/7117ldVTEBL._AC_SL1500_.jpg,PVP
B0H6GD47Y5,FAMIVAC FV5 Aspiradora sin cable 70kPa,149.99,259.99,Hogar,Oferta,https://m.media-amazon.com/images/I/61jArs9smlL._AC_SL1500_.jpg,PVP
B0F7XBGGPY,usmile C10 Irrigador Dental de Viaje,66.49,74.99,Belleza,Oferta,https://m.media-amazon.com/images/I/61ji81TN9AL._AC_SL1500_.jpg,PVP
B075JHQX38,Utopia Bedding Sabanas 4 piezas 150x200,17.92,23.99,Hogar,Oferta,https://m.media-amazon.com/images/I/71ToFJ-9jAL._AC_SL1500_.jpg,PVP
B0D1DZX2L4,Colchon Plegable de Suelo 80x195x10 cm,89.99,99.99,Hogar,Oferta,https://m.media-amazon.com/images/I/711naCNGj-L._AC_SL1500_.jpg,PVP
B0B5B2CQCZ,Oral-B iO 5N Cepillo Electrico 3 cabez,99.95,189.95,Belleza,Oferta,https://m.media-amazon.com/images/I/81TcW+5NuXL._AC_SL1500_.jpg,PVP
B0CQHW6YD8,Philips OneBlade 360 Autentico Barbero,44.99,74.99,Belleza,Oferta,https://m.media-amazon.com/images/I/81lLhuihD9L._AC_SL1500_.jpg,PVP
B0F2NC69KK,Mando Xbox Wireless Carbon Black,47.99,64.99,Tecnologia,Oferta,https://m.media-amazon.com/images/I/61UqcXRyUCL._AC_SL1500_.jpg,PVP
B07L8Y4BVY,Amazon Basics Topper Viscoelastico,80.75,110.65,Hogar,Oferta,https://m.media-amazon.com/images/I/816wN06HxKL._AC_SL1500_.jpg,PVP
B09XB5LJGJ,ECOVACS Solucion Detergente 1L,19.99,39.00,Hogar,Oferta,https://m.media-amazon.com/images/I/51OKmAG4ODL._AC_SL1500_.jpg,PVP
B0H7KXFVPQ,ghd Chronos Plancha de Pelo Profesional,259.99,379.00,Belleza,Oferta,https://m.media-amazon.com/images/I/61WRRDHFXtL._AC_SL1500_.jpg,PVP
B0FN8FR84Q,dreame L10s Ultra Gen 3 Robot Aspirador,375.00,499.00,Hogar,Oferta,https://m.media-amazon.com/images/I/71O-ulPFqYL._AC_SL1500_.jpg,PVP
B0DVCGC5MW,ASUS Zenbook A14 OLED Copilot+ PC,949.99,1199.00,Tecnologia,Oferta,https://m.media-amazon.com/images/I/61kvh6gi+hL._AC_SL1500_.jpg,PVP
B0GQBX475S,dreame L40 Ultra A Robot Friegasuelos,399.00,499.00,Hogar,Oferta,https://m.media-amazon.com/images/I/61nIyEF7WJL._AC_SL1500_.jpg,PVP
B00GY24XP6,Supradyn Energy 30 Comprimidos,10.04,12.34,Belleza,Oferta,https://m.media-amazon.com/images/I/61chbbY-CtL._AC_SL1500_.jpg,PVP
B0DDQCPY72,Oral-B iO 6 Cepillo Electrico 3 Cabezales,180.26,209.95,Belleza,Oferta,https://m.media-amazon.com/images/I/81pNkiQWCEL._AC_SL1500_.jpg,PVP
B0DQWC5399,Braun Recortadora Todo en Uno Series 7,102.34,114.99,Belleza,Oferta,https://m.media-amazon.com/images/I/81Zw1KKjJqL._AC_SL1500_.jpg,PVP
B0FR8YG3GN,ghd Chronos Max Plancha Placas Anchas,329.90,379.00,Belleza,Oferta,https://m.media-amazon.com/images/I/71IYLa+nZfL._AC_SL1500_.jpg,PVP
B00J5G5H44,Supradyn Energy 30 Comp Efervescentes,15.94,18.70,Belleza,Oferta,https://m.media-amazon.com/images/I/51W9WRNUFSL._AC_SL1500_.jpg,PVP
B07N2261R6,Sennheiser HD 400S auriculares diadema,49.00,74.90,Tecnologia,Oferta,https://m.media-amazon.com/images/I/51L8UeauZEL._AC_SL1500_.jpg,PVP
B0GKB9R1C4,Hoover HF3 Core aspirador escoba,119.00,199.99,Hogar,Oferta,https://m.media-amazon.com/images/I/71tXm0plGCL._AC_SL1500_.jpg,PVP
B0GWQPCM9G,Fieety aspirador escoba sin cable 55KPa,169.99,239.99,Hogar,Oferta,https://m.media-amazon.com/images/I/71wNRA3KYNL._AC_SL1500_.jpg,PVP
B08LDTYMKC,La Moustache sarten antiadherente 22 cm,14.90,21.70,Cocina,Oferta,https://m.media-amazon.com/images/I/615kq+a969L._AC_SL1500_.jpg,PVP
B0B135515V,WECOOK Granite cazo induccion 16 cm,14.45,18.09,Cocina,Oferta,https://m.media-amazon.com/images/I/718GIPvw-cL._AC_SL1500_.jpg,Precio mediano
B0GJZNL2RD,Toputure bicicleta estatica con app,239.99,339.99,Deporte,Oferta,https://m.media-amazon.com/images/I/81r2bIQn2BL._AC_SL1500_.jpg,PVP
B0FSZ5GP8H,RYGEO mancuernas regulables 2 en 1,54.99,69.99,Deporte,Oferta,https://m.media-amazon.com/images/I/71Sc6glvK9L._AC_SL1500_.jpg,PVP
B0085RPVZO,Bayer Design cochecito de munecas,47.57,74.99,Bebe,Oferta,https://m.media-amazon.com/images/I/81nTUCoZM4L._AC_SL1500_.jpg,PVP
B079HFDPRF,Natures Variety No Grain pienso perro,56.45,83.95,Mascotas,Oferta,https://m.media-amazon.com/images/I/812N9wAltAL._AC_SL1500_.jpg,PVP
B07FDC1XMC,Rotho Cody recipiente comida mascotas,23.99,30.29,Mascotas,Oferta,https://m.media-amazon.com/images/I/71Q15J4O4bL._AC_SL1500_.jpg,PVP
B092TN8FWV,Belkin BoostCharge bateria externa,14.90,29.99,Tecnologia,Oferta,https://m.media-amazon.com/images/I/51Jpzt7RywL._AC_SL1500_.jpg,PVP
B08F1VVBL9,WD My Passport SSD externo 2TB,293.75,431.99,Tecnologia,Oferta,https://m.media-amazon.com/images/I/81y8P1up-PL._AC_SL1500_.jpg,PVP
B0FNS3ZYC5,JBL Boombox 4 altavoz Bluetooth,359.00,499.99,Tecnologia,Oferta,https://m.media-amazon.com/images/I/71MLABFRYWL._AC_SL1500_.jpg,PVP
B0GQFWN12N,Matast reloj inteligente hombre mujer,19.99,29.99,Tecnologia,Oferta,https://m.media-amazon.com/images/I/71YXNdhp6WL._AC_SL1500_.jpg,PVP
B092ZNHV8K,Bosch taladro percutor EasyImpact,48.90,59.99,Hogar,Oferta,https://m.media-amazon.com/images/I/51LE8YgJKXL._AC_SL1500_.jpg,PVP
B0CG3GLJGP,EDISHINE lampara de pie para salon,55.03,65.99,Hogar,Oferta,https://m.media-amazon.com/images/I/71SMzWfBrZL._AC_SL1500_.jpg,Precio mediano
B0GF516JGJ,CAKLIK lamparas de mesita tactiles,15.99,19.99,Hogar,Oferta,https://m.media-amazon.com/images/I/61sCxrID5fL._AC_SL1500_.jpg,PVP
B0CP1887MD,Jata freidora de aire 5L sin aceite,44.95,90.00,Cocina,Oferta,https://m.media-amazon.com/images/I/61ktQQKu87L._AC_SL1500_.jpg,PVP
B015993ZGW,Moulinex Maxichef Advance robot cocina,129.00,189.00,Cocina,Oferta,https://m.media-amazon.com/images/I/61D-XCIJ78L._AC_SL1500_.jpg,PVP
B078J7JXKT,Jata batidora de mano 1000 W,32.99,57.00,Cocina,Oferta,https://m.media-amazon.com/images/I/61EqSp2Py3L._AC_SL1500_.jpg,PVP
B081QPCTT8,BRA Efficient tacoma para cuchillos,17.29,21.90,Cocina,Oferta,https://m.media-amazon.com/images/I/51RM07ZU0lL._AC_SL1500_.jpg,PVP
B0GY8G7D51,HAPBEAR esterilla de yoga plegable,29.99,59.99,Deporte,Oferta,https://m.media-amazon.com/images/I/712kPgtW6ZL._AC_SL1500_.jpg,PVP
B0DJZZYKR2,Odoland casco de bicicleta,39.09,47.99,Deporte,Oferta,https://m.media-amazon.com/images/I/71imROamW0L._AC_SL1500_.jpg,Precio mediano
B0FQJ9CR8Y,Bachgold botella con filtro de agua,39.99,49.99,Deporte,Oferta,https://m.media-amazon.com/images/I/711hNKryjgL._AC_SL1500_.jpg,PVP
B01MDOJGDK,Neutrogena Hydro Boost limpiador facial,7.40,12.90,Belleza,Oferta,https://m.media-amazon.com/images/I/61ZSJZQbP9L._AC_SL1500_.jpg,PVP
B09NYD73N4,Philips plancha de pelo serie 5000,41.99,69.99,Belleza,Oferta,https://m.media-amazon.com/images/I/61AAIhO48DL._AC_SL1500_.jpg,PVP
B0D94DKL8F,Oral-B Vitality Pro cepillo electrico,23.50,34.95,Belleza,Oferta,https://m.media-amazon.com/images/I/71TWzsg1uVL._AC_SL1500_.jpg,PVP
B0CCYPDLCQ,ghd Gold plancha de pelo profesional,168.99,249.00,Belleza,Oferta,https://m.media-amazon.com/images/I/71leadKIJ6L._AC_SL1500_.jpg,PVP
B0GLF2S95S,GHB camara vigilabebes pantalla 5 pulgadas,56.99,69.99,Bebe,Oferta,https://m.media-amazon.com/images/I/61x7KbZmyDL._AC_SL1500_.jpg,PVP
B009DYYBF4,Riga Rigalit Crystal arena para gatos,8.65,13.85,Mascotas,Oferta,https://m.media-amazon.com/images/I/81a4QzwdDuL._AC_SL1500_.jpg,PVP
B0CGXCRWD3,VASAGLE estanteria esquina pared 5 niveles,22.99,33.99,Hogar,Oferta,https://m.media-amazon.com/images/I/51ykYENcjiL._AC_SL1500_.jpg,PVP
B0DBF65JYY,medicube PDRN Pink Peptide Serum,14.95,19.00,Belleza,Oferta,https://m.media-amazon.com/images/I/51eoPXtz3GL._AC_SL1500_.jpg,PVP
B0CLDDJ7J3,SONGMICS estante especias set de 2,21.99,26.99,Cocina,Oferta,https://m.media-amazon.com/images/I/61Cp8CJhKbL._AC_SL1500_.jpg,PVP
B0DGPSZVW3,medicube Collagen Jelly Cream,13.95,16.74,Belleza,Oferta,https://m.media-amazon.com/images/I/61ersIlU1nL._AC_SL1500_.jpg,PVP
B0C2S2J7JP,Amazon Echo Spot despertador inteligente,49.99,119.99,Tecnologia,Oferta,https://m.media-amazon.com/images/I/61EDe36ScjL._AC_SL1500_.jpg,PVP
B0F7ZFWVTC,Amazon Fire TV Stick 4K Plus Wi-Fi 6,37.99,84.99,Tecnologia,Oferta,https://m.media-amazon.com/images/I/615KD4BiJKL._AC_SL1500_.jpg,PVP
B0GYYSFJZT,COMFEE secadora bomba de calor 8 kg,321.99,429.99,Hogar,Oferta,https://m.media-amazon.com/images/I/61-zNRg3eOL._AC_SL1500_.jpg,PVP
B07HZQTB3V,Munchkin vaso aprendizaje 360 set,13.45,16.99,Bebe,Oferta,https://m.media-amazon.com/images/I/61ewyRxXOXL._AC_SL1500_.jpg,PVP
B0F32WWKMT,Cosori freidora de aire 10.8 L doble,134.90,169.99,Cocina,Oferta,https://m.media-amazon.com/images/I/61divK1LvCL._AC_SL1500_.jpg,PVP
B0CR6N8L1V,Mobiclinic contenedor pienso con pala,23.49,27.95,Mascotas,Oferta,https://m.media-amazon.com/images/I/51i+k2+BGyL._AC_SL1500_.jpg,PVP
B0CLVN3H2H,Fanola Wonder No Red Shampoo anti rojos,8.00,14.79,Belleza,Oferta,https://m.media-amazon.com/images/I/51EqD2wbLVL._AC_SL1500_.jpg,Precio mediano
B0FLDHGKW6,Samsung Galaxy S25 FE 512GB,769.00,939.00,Tecnologia,Oferta,https://m.media-amazon.com/images/I/61mREgvwK4L._AC_SL1500_.jpg,PVP
B0CX8MQF7R,Kindle Colorsoft 16 GB,164.00,299.99,Tecnologia,Oferta,https://m.media-amazon.com/images/I/61RzHzSgEAL._AC_SL1500_.jpg,PVP
B0DTQCWJBR,Amazon Echo Show 11,154.99,269.99,Tecnologia,Oferta,https://m.media-amazon.com/images/I/71XbVGJCAYL._AC_SL1500_.jpg,PVP
B0CVQBLY1D,Fairy Platinum Plus capsulas lavavajillas,19.99,29.50,Hogar,Oferta,https://m.media-amazon.com/images/I/81HvpWD6f0L._AC_SL1500_.jpg,PVP
B0BB7J85HF,SHORAN Lima Electrica Pies Durezas,21.99,24.99,Belleza,Oferta,https://m.media-amazon.com/images/I/719pfgrW+UL._AC_SL1500_.jpg,PVP
B07W5JKVKC,Logitech M240 Raton Silencioso Bluetooth,13.95,22.99,Tecnologia,Oferta,https://m.media-amazon.com/images/I/515OAgXUF9L._AC_SL1500_.jpg,PVP
B00552K0GM,Logitech M185 Raton Inalambrico 2.4GHz,9.95,14.99,Tecnologia,Oferta,https://m.media-amazon.com/images/I/51WN5aXZWIL._AC_SL1500_.jpg,PVP
B0FFT24H2Y,dAlba Piedmont Vita Toning Serum,20.99,23.99,Belleza,Oferta,https://m.media-amazon.com/images/I/51swbEtgWkL._AC_SL1500_.jpg,Precio mediano
B0CG19QXWD,DJI Osmo Pocket 3 camara CMOS 1 pulgada,280.15,429.00,Tecnologia,Oferta,https://m.media-amazon.com/images/I/61tukvVUMiL._AC_SL1500_.jpg,PVP
B0DKP4JS8N,Shark FlexStyle Secador de Pelo y Molde,159.99,199.99,Belleza,Oferta,https://m.media-amazon.com/images/I/61-+xMP2sQL._AC_SL1500_.jpg,PVP
B0G9BBMM6K,Samsung Galaxy Buds4 Pro Auriculares,184.83,249.00,Tecnologia,Oferta,https://m.media-amazon.com/images/I/61itDWON3oL._AC_SL1500_.jpg,PVP
B0CL8K8M3D,VENUM Classic Gorra de Tenis,14.39,19.99,Deporte,Oferta,https://m.media-amazon.com/images/I/71P3g8QI4mL._AC_SL1500_.jpg,PVP
B0CW4HD359,Amazon Fire TV Stick 4K Max,51.16,114.99,Tecnologia,Oferta,https://m.media-amazon.com/images/I/61VtMwIeptL._AC_SL1500_.jpg,PVP
B0F49B71PC,Amazon Basics Tazas de Cafe Gres 6 piezas,23.09,32.99,Cocina,Oferta,https://m.media-amazon.com/images/I/51cKbckGGIL._AC_SL1500_.jpg,PVP
B00S3NPJ3E,Cortapelos Philips Hair Clipper Series 9000,37.99,89.79,Belleza,Oferta Prime,https://m.media-amazon.com/images/I/81vF3aF1xkL._AC_SL1500_.jpg,PVP
B0FNWCYLZN,Soundcore P31i de Anker Auriculares ANC,29.99,69.99,Tecnologia,Oferta Prime,https://m.media-amazon.com/images/I/51nHT2kQ1bL._AC_SL1500_.jpg,PVP
B0D9S9Y16Y,Philips 3000 Airfryer Freidora de Aire 6.2L,69.99,124.99,Cocina,Oferta Prime,https://m.media-amazon.com/images/I/516hlh2K8IL._AC_SL1500_.jpg,PVP
B01N2HRTWM,Char-Broil Barbacoa Hibrida Gas2Coal 330,245.99,429.16,Hogar,Oferta Prime,https://m.media-amazon.com/images/I/616WhXzfBOL._AC_SL1500_.jpg,PVP
B0CDXLDB6B,Amazfit Balance Reloj Inteligente 46 mm,122.46,209.90,Deporte,Oferta Prime,https://m.media-amazon.com/images/I/71ZtaYNdnJL._AC_SL1500_.jpg,PVP
B0DP7K72L5,Dodot Toallitas Pure Aqua 1152 unidades,34.19,53.89,Bebe,Oferta Prime,https://m.media-amazon.com/images/I/81Ht+xoCRjL._AC_SL1500_.jpg,PVP
B07GXS35PG,BISSELL SpotClean ProHeat Aspiradora Agua,93.99,149.98,Hogar,Oferta Prime,https://m.media-amazon.com/images/I/71PEgi0LW+L._AC_SL1500_.jpg,PVP
B09V7Z4TJG,medicube Toner Pads Zero Pore Pad 2.0,8.40,17.15,Belleza,Oferta Prime,https://m.media-amazon.com/images/I/61u5MHQVyeL._AC_SL1500_.jpg,PVP
B0DLWJ2NQG,Chicco Echo Lite Silla de Paseo Bebe Ligera 0,84.99,99.00,Bebe,Oferta,https://m.media-amazon.com/images/I/51RrJellemL._AC_SL1500_.jpg,PVP
B0CLB34427,TP-Link TL-SG608E - Switch ethernet Gigabit 8,25.99,42.99,Tecnologia,Oferta,https://m.media-amazon.com/images/I/814H6UU9PnL._AC_SL1500_.jpg,PVP
B094R69RXL,DURACELL Plus AA Pilas Alcalinas (Paquete de,14.49,19.99,Hogar,Oferta,https://m.media-amazon.com/images/I/81xY6FC3IEL._AC_SL1500_.jpg,PVP
B0FPXFKGQR,LEGO Technic Coche de Carreras BMW M4 GT3 EVO,46.99,64.99,Hogar,Oferta,https://m.media-amazon.com/images/I/81g5Crr28UL._AC_SL1500_.jpg,PVP
B0F1DC6FDP,Ariel Detergente Lavadora Liquido 120 Lavados,25.99,34.99,Hogar,Oferta,https://m.media-amazon.com/images/I/51er1kR3eBL._AC_SL1500_.jpg,PVP
B0FPM96L6G,Philips Recortadora todo en uno de 16 en 1 Se,52.99,69.99,Belleza,Oferta,https://m.media-amazon.com/images/I/71QOG7HDQIL._AC_SL1500_.jpg,PVP
B0DCFYVR1Z,Philips OneBlade 360 Autentico Barbero afeita,49.99,64.99,Belleza,Oferta,https://m.media-amazon.com/images/I/81bw2KggT6L._AC_SL1500_.jpg,PVP
B0BFCVZC6R,TOPDON TC001 Camara Termica Profesional para,209.98,269.00,Tecnologia,Oferta,https://m.media-amazon.com/images/I/81w3k7Bdl2L._AC_SL1500_.jpg,PVP
B09W9CGD3J,Dreo calentador electrico ceramica de calenta,60.91,74.99,Hogar,Oferta,https://m.media-amazon.com/images/I/714cKLZMJCL._AC_SL1500_.jpg,PVP
B08KDC39VC,SONGMICS Armario de Almacenamiento Aparador d,72.67,89.99,Hogar,Oferta,https://m.media-amazon.com/images/I/71+Ldx8aqtL._AC_SL1500_.jpg,PVP
